scenario,run_id,run_folder,mean_epoch_training_time_seconds,total_training_time_seconds,mean_training_throughput_samples_sec,mean_data_loading_latency_sec_batch,mean_compute_time_sec_batch,total_validation_time_seconds,mean_validation_time_seconds,mean_validation_throughput_samples_sec,final_val_accuracy,final_val_loss,best_val_accuracy,total_cloud_read_time_seconds,total_s3_mb_downloaded_during_epochs,mean_cloud_read_time_sec_batch,cache_warmup_time_seconds,cache_warmup_s3_bytes_downloaded,cache_warmup_s3_megabytes_downloaded,cache_warmup_files_downloaded,cache_warmup_files_already_cached,train_cache_hit_ratio,val_cache_hit_ratio,cache_hits,cache_misses,mean_cache_read_time_sec_batch,validation_mean_cache_read_time_sec_batch,total_s3_mb_downloaded_including_warmup,end_to_end_time_seconds,invalid_gpu_utilization_rows,mean_gpu_utilization_full_log_percent,median_gpu_utilization_full_log_percent,gpu_idle_ratio_full_log_percent,gpu_full_log_sample_count,gpu_full_log_duration_seconds,mean_gpu_utilization_percent,median_gpu_utilization_percent,gpu_idle_ratio_percent,gpu_comparison_window_method,gpu_phase_detection_status,gpu_activity_threshold_percent,gpu_training_phase_start,gpu_training_phase_end,mean_gpu_utilization_training_phase_percent,median_gpu_utilization_training_phase_percent,gpu_idle_ratio_training_phase_percent,gpu_training_phase_sample_count,gpu_training_phase_duration_seconds,mean_gpu_memory_used_mib,max_gpu_memory_used_mib,invalid_gpu_memory_rows,mean_docker_cpu_percent,max_docker_cpu_percent,invalid_docker_cpu_rows,mean_docker_memory_percent,max_docker_memory_percent,invalid_docker_memory_rows,mean_host_cpu_used_percent,max_host_cpu_used_percent,invalid_host_cpu_rows,mean_host_memory_used_mb,max_host_memory_used_mb,invalid_host_memory_rows,estimated_cache_warmup_end,mean_gpu_utilization_post_warmup_percent,median_gpu_utilization_post_warmup_percent,gpu_idle_ratio_post_warmup_percent,gpu_post_warmup_sample_count,gpu_post_warmup_duration_seconds
A,1,run_1_A,64.03172193514183,128.06344387028366,1561.9560884794078,0.0240324537887278,0.057747628144703106,4.0326261022128165,2.0163130511064082,4961.589747523097,0.6487,2.138980312728882,0.6487,0.0,0.0,,0.0,0.0,0.0,0.0,,,,,,,,0.0,132.09606997249648,0,63.932432432432435,70.5,13.513513513513514,148,147.356,63.932432432432435,70.5,13.513513513513514,first_to_last_active_sample,first_to_last_active_sample,20.0,2026-06-01T23:49:46.021000,2026-06-01T23:51:56.358000,72.19847328244275,74.0,2.2900763358778624,131,130.337,4677.5,4938.0,0,444.1794827586207,545.5,0,4.636896551724138,5.48,0,14.543307086614174,18.0,0,3856.299212598425,4551.0,0,,,,,,
A,2,run_2_A,65.32448329613544,130.64896659227088,1530.8205011967052,0.0256630035490631,0.057754479619302745,4.040569931734353,2.0202849658671767,4951.514100688513,0.6584,2.1080838611602783,0.6584,0.0,0.0,,0.0,0.0,0.0,0.0,,,,,,,,0.0,134.68953652400523,0,59.24503311258278,58.0,10.596026490066226,151,150.214,59.24503311258278,58.0,10.596026490066226,first_to_last_active_sample,first_to_last_active_sample,20.0,2026-06-01T23:52:06.393000,2026-06-01T23:54:26.599000,63.4468085106383,59.0,4.25531914893617,141,140.206,4679.549668874172,4938.0,0,439.7341666666667,544.78,0,4.484833333333333,5.4,0,14.5859375,18.0,0,3921.2421875,4716.0,0,,,,,,
A,3,run_3_A,66.57287501799874,133.14575003599748,1502.1215458270794,0.0272985394428367,0.0577230663142998,4.33633688185364,2.16816844092682,4612.6953593075705,0.6605,2.092223111343384,0.6605,0.0,0.0,,0.0,0.0,0.0,0.0,,,,,,,,0.0,137.48208691785112,0,57.42483660130719,62.0,10.457516339869281,153,152.279,57.42483660130719,62.0,10.457516339869281,first_to_last_active_sample,first_to_last_active_sample,20.0,2026-06-01T23:54:44.650000,2026-06-01T23:57:00.916000,64.1094890510949,66.0,0.0,137,136.266,4715.18954248366,4938.0,0,441.8865,513.06,0,4.5065,5.42,0,14.661538461538461,18.0,0,3889.9,5172.0,0,,,,,,
A,4,run_4_A,66.72532285796478,133.45064571592957,1498.6835976687403,0.0274853607141853,0.0577361325404661,4.3423949191346765,2.1711974595673382,4606.76984232748,0.655,2.112618923187256,0.655,0.0,0.0,,0.0,0.0,0.0,0.0,,,,,,,,0.0,137.79304063506424,0,59.422077922077925,63.0,12.337662337662337,154,153.443,59.422077922077925,63.0,12.337662337662337,first_to_last_active_sample,first_to_last_active_sample,20.0,2026-06-01T23:57:17.961000,2026-06-01T23:59:34.387000,66.77372262773723,66.0,1.4598540145985401,137,136.426,4684.584415584415,4938.0,0,442.1595,535.86,0,4.529166666666667,5.28,0,14.580152671755725,18.0,0,4009.038167938931,4976.0,0,,,,,,
A,5,run_5_A,66.90099565149285,133.8019913029857,1494.7465680414912,0.0277083544197547,0.05773030718415735,4.143132231198251,2.0715661155991256,4835.712048660114,0.6556,2.102617672729492,0.6556,0.0,0.0,,0.0,0.0,0.0,0.0,,,,,,,,0.0,137.94512353418395,0,62.63636363636363,66.5,9.740259740259742,154,153.437,62.63636363636363,66.5,9.740259740259742,first_to_last_active_sample,first_to_last_active_sample,20.0,2026-06-01T23:59:44.431000,2026-06-02T00:02:08.863000,66.52413793103449,69.0,4.137931034482759,145,144.432,4716.636363636364,4938.0,0,437.7609836065574,548.03,0,4.513770491803279,5.34,0,14.335877862595419,18.0,0,3985.4885496183206,4816.0,0,,,,,,
A,6,run_6_A,66.61649745353498,133.23299490706995,1501.1296947931178,0.02730754366510155,0.05776913989575865,4.252663208637387,2.1263316043186933,4707.293719339845,0.6566,2.1086306606292724,0.6566,0.0,0.0,,0.0,0.0,0.0,0.0,,,,,,,,0.0,137.48565811570734,0,59.052287581699346,58.0,11.76470588235294,153,152.461,59.052287581699346,58.0,11.76470588235294,first_to_last_active_sample,first_to_last_active_sample,20.0,2026-06-02T00:02:26.909000,2026-06-02T00:04:42.352000,66.42647058823529,65.0,0.7352941176470588,136,135.443,4715.18954248366,4938.0,0,441.60333333333335,537.65,0,4.541999999999999,5.43,0,14.907692307692308,26.0,0,3938.976923076923,4838.0,0,,,,,,
A,7,run_7_A,66.99503630842082,133.99007261684164,1492.649480325757,0.02782812327399005,0.05773499565790915,4.294055357575417,2.1470276787877083,4663.870990753633,0.6549,2.1182271560668946,0.6549,0.0,0.0,,0.0,0.0,0.0,0.0,,,,,,,,0.0,138.28412797441706,0,60.33766233766234,65.5,11.03896103896104,154,153.316,60.33766233766234,65.5,11.03896103896104,first_to_last_active_sample,first_to_last_active_sample,20.0,2026-06-02T00:04:59.399000,2026-06-02T00:07:16.700000,67.33333333333333,69.0,0.7246376811594203,138,137.301,4716.623376623376,4938.0,0,444.9703333333333,541.64,0,4.524333333333334,5.42,0,14.274809160305344,18.0,0,3872.328244274809,4653.0,0,,,,,,
A,8,run_8_A,66.89333682297729,133.78667364595458,1494.9312862815104,0.02768529136456745,0.0577485476956343,4.2849558549933136,2.1424779274966568,4675.228709331057,0.6595,2.101683348846436,0.6595,0.0,0.0,,0.0,0.0,0.0,0.0,,,,,,,,0.0,138.0716295009479,0,61.888888888888886,64.0,11.11111111111111,153,152.542,61.888888888888886,64.0,11.11111111111111,first_to_last_active_sample,first_to_last_active_sample,20.0,2026-06-02T00:07:34.748000,2026-06-02T00:09:51.275000,69.10218978102189,68.0,0.7299270072992701,137,136.527,4715.18954248366,4938.0,0,445.1423333333333,549.85,0,4.5136666666666665,5.28,0,14.251908396946565,17.0,0,3849.8702290076335,4692.0,0,,,,,,
A,9,run_9_A,66.66119521530345,133.3223904306069,1500.129066392568,0.027387074568211198,0.05775227963440875,4.380006145685911,2.1900030728429556,4566.404079164523,0.6534,2.1102905364990234,0.6534,0.0,0.0,,0.0,0.0,0.0,0.0,,,,,,,,0.0,137.7023965762928,0,62.09803921568628,64.0,9.803921568627452,153,152.172,62.09803921568628,64.0,9.803921568627452,first_to_last_active_sample,first_to_last_active_sample,20.0,2026-06-02T00:10:07.323000,2026-06-02T00:12:24.478000,68.84057971014492,67.0,0.0,138,137.155,4715.18954248366,4938.0,0,442.7356666666667,540.2,0,4.324833333333333,5.22,0,14.587786259541986,18.0,0,3879.297709923664,5094.0,0,,,,,,
A,10,run_10_A,67.08003684598953,134.16007369197905,1490.763204354646,0.027843184016473448,0.05782828373772555,4.32026523957029,2.160132619785145,4629.961487178976,0.6526,2.111769976043701,0.6526,0.0,0.0,,0.0,0.0,0.0,0.0,,,,,,,,0.0,138.48033893154934,0,61.29220779220779,64.0,9.740259740259742,154,153.385,61.29220779220779,64.0,9.740259740259742,first_to_last_active_sample,first_to_last_active_sample,20.0,2026-06-02T00:12:33.512000,2026-06-02T00:14:57.891000,65.09655172413792,67.0,4.137931034482759,145,144.379,4716.636363636364,4938.0,0,439.29491803278694,532.93,0,4.500000000000001,5.3,0,14.356060606060606,18.0,0,3898.310606060606,4807.0,0,,,,,,
A,11,run_11_A,66.79289791244082,133.58579582488164,1497.1657163752398,0.02749381305487905,0.057812402585206896,4.243894459679723,2.1219472298398614,4713.244688854933,0.6423,2.154786136627197,0.6423,0.0,0.0,,0.0,0.0,0.0,0.0,,,,,,,,0.0,137.82969028456137,0,58.529411764705884,60.0,10.457516339869281,153,152.49,58.529411764705884,60.0,10.457516339869281,first_to_last_active_sample,first_to_last_active_sample,20.0,2026-06-02T00:15:07.927000,2026-06-02T00:17:31.411000,62.1875,63.5,4.861111111111112,144,143.484,4715.18954248366,4938.0,0,442.64599999999996,541.57,0,4.544666666666666,5.36,0,14.748091603053435,18.0,0,4011.5114503816794,5132.0,0,,,,,,
A,12,run_12_A,67.31904342351481,134.63808684702963,1485.465332257873,0.028198413665482598,0.057776186665844,4.316831980831921,2.1584159904159606,4633.076327834942,0.6594,2.09635133895874,0.6594,0.0,0.0,,0.0,0.0,0.0,0.0,,,,,,,,0.0,138.95491882786155,0,60.60645161290323,61.0,11.612903225806452,155,154.298,60.60645161290323,61.0,11.612903225806452,first_to_last_active_sample,first_to_last_active_sample,20.0,2026-06-02T00:17:48.464000,2026-06-02T00:20:06.745000,67.56115107913669,66.0,1.4388489208633095,139,138.281,4718.064516129032,4938.0,0,438.5178688524591,510.67,0,4.523278688524591,5.46,0,14.818181818181818,21.0,0,3956.8333333333335,5066.0,0,,,,,,
A,13,run_13_A,67.063191967085,134.12638393417,1491.1367932086137,0.02788475445618185,0.057767669236778105,4.194602734874934,2.097301367437467,4768.040109147096,0.6614,2.102390480804444,0.6614,0.0,0.0,,0.0,0.0,0.0,0.0,,,,,,,,0.0,138.32098666904494,0,63.516129032258064,68.0,10.967741935483872,155,154.526,63.516129032258064,68.0,10.967741935483872,first_to_last_active_sample,first_to_last_active_sample,20.0,2026-06-02T00:20:16.779000,2026-06-02T00:22:41.299000,67.89655172413794,70.0,4.827586206896552,145,144.52,4686.2193548387095,4938.0,0,437.97180327868847,540.04,0,4.550819672131147,5.34,0,14.159090909090908,18.0,0,4040.4848484848485,5128.0,0,,,,,,
A,14,run_14_A,67.04711348819546,134.09422697639093,1491.5211717368056,0.027843690087871048,0.05778825335392765,4.35772095201537,2.178860476007685,4591.592244269876,0.6588,2.090242776870728,0.6588,0.0,0.0,,0.0,0.0,0.0,0.0,,,,,,,,0.0,138.4519479284063,0,57.142857142857146,58.0,12.337662337662337,154,153.504,57.142857142857146,58.0,12.337662337662337,first_to_last_active_sample,first_to_last_active_sample,20.0,2026-06-02T00:22:59.379000,2026-06-02T00:25:16.833000,63.76086956521739,60.0,2.1739130434782608,138,137.454,4716.636363636364,4938.0,0,441.36950819672137,536.31,0,4.521475409836065,5.33,0,14.545454545454545,18.0,0,3888.4166666666665,4708.0,0,,,,,,
A,15,run_15_A,67.0230021639727,134.0460043279454,1492.0255439327498,0.02777594302708275,0.057822326140161404,4.36253822920844,2.18126911460422,4586.620610634327,0.6534,2.1214988002777098,0.6534,0.0,0.0,,0.0,0.0,0.0,0.0,,,,,,,,0.0,138.40854255715385,0,59.84415584415584,62.0,12.337662337662337,154,153.235,59.84415584415584,62.0,12.337662337662337,first_to_last_active_sample,first_to_last_active_sample,20.0,2026-06-02T00:25:33.884000,2026-06-02T00:27:51.106000,66.64492753623189,62.5,2.1739130434782608,138,137.222,4716.636363636364,4938.0,0,440.3645901639344,494.28,0,4.441639344262294,5.28,0,14.572519083969466,26.0,0,3973.389312977099,5034.0,0,,,,,,
A,16,run_16_A,66.70290290866978,133.40580581733957,1499.1956196744186,0.02737982631327525,0.0578147809460635,4.274857524316758,2.137428762158379,4678.708879121377,0.6557,2.098623053741455,0.6557,0.0,0.0,,0.0,0.0,0.0,0.0,,,,,,,,0.0,137.68066334165633,0,60.94805194805195,62.0,11.688311688311687,154,153.342,60.94805194805195,62.0,11.688311688311687,first_to_last_active_sample,first_to_last_active_sample,20.0,2026-06-02T00:28:09.149000,2026-06-02T00:30:25.477000,68.44525547445255,65.0,0.7299270072992701,137,136.328,4716.636363636364,4938.0,0,443.7303333333333,543.31,0,4.541499999999999,5.4,0,14.786259541984732,28.0,0,4069.908396946565,4879.0,0,,,,,,
A,17,run_17_A,66.9786109381821,133.9572218763642,1493.0145718779877,0.02770178842529785,0.0578292711590871,4.276893058326095,2.1384465291630477,4676.390903044298,0.6574,2.100141742324829,0.6574,0.0,0.0,,0.0,0.0,0.0,0.0,,,,,,,,0.0,138.2341149346903,0,59.896103896103895,58.0,11.03896103896104,154,153.521,59.896103896103895,58.0,11.03896103896104,first_to_last_active_sample,first_to_last_active_sample,20.0,2026-06-02T00:30:42.523000,2026-06-02T00:33:00.029000,66.84057971014492,64.5,0.7246376811594203,138,137.506,4716.636363636364,4938.0,0,437.95704918032783,531.6,0,4.501475409836065,5.38,0,14.312977099236642,18.0,0,3885.2290076335876,4782.0,0,,,,,,
A,18,run_18_A,66.89372860989533,133.78745721979067,1494.9198814053611,0.0276229790214787,0.057811069358830944,4.1891453438438475,2.0945726719219238,4776.258430548428,0.6566,2.097912679290772,0.6566,0.0,0.0,,0.0,0.0,0.0,0.0,,,,,,,,0.0,137.97660256363451,0,62.052287581699346,63.0,11.11111111111111,153,152.674,62.052287581699346,63.0,11.11111111111111,first_to_last_active_sample,first_to_last_active_sample,20.0,2026-06-02T00:33:17.073000,2026-06-02T00:35:33.734000,69.2919708029197,68.0,0.7299270072992701,137,136.661,4715.18954248366,4938.0,0,443.215,531.97,0,4.543666666666667,5.41,0,14.572519083969466,18.0,0,3940.5343511450383,4792.0,0,,,,,,
A,19,run_19_A,67.21681572403759,134.43363144807518,1487.732022854032,0.028046217859279597,0.057802383697120055,4.354949940461665,2.1774749702308327,4592.478829105908,0.6592,2.102870381164551,0.6592,0.0,0.0,,0.0,0.0,0.0,0.0,,,,,,,,0.0,138.78858138853684,0,61.41935483870968,65.0,11.612903225806452,155,154.375,61.41935483870968,65.0,11.612903225806452,first_to_last_active_sample,first_to_last_active_sample,20.0,2026-06-02T00:35:50.776000,2026-06-02T00:38:08.137000,68.98550724637681,70.0,0.7246376811594203,138,137.361,4718.064516129032,4938.0,0,438.22245901639343,540.39,0,4.56672131147541,5.34,0,14.575757575757576,18.0,0,3808.780303030303,4543.0,0,,,,,,
A,20,run_20_A,67.23172079119831,134.46344158239663,1487.4271344327472,0.02808463100678595,0.0577837719967293,4.191269000060856,2.095634500030428,4782.404241294495,0.6497,2.12730186958313,0.6497,0.0,0.0,,0.0,0.0,0.0,0.0,,,,,,,,0.0,138.65471058245748,0,60.116129032258065,60.0,11.612903225806452,155,154.314,60.116129032258065,60.0,11.612903225806452,first_to_last_active_sample,first_to_last_active_sample,20.0,2026-06-02T00:38:26.187000,2026-06-02T00:40:44.488000,67.01438848920863,65.0,1.4388489208633095,139,138.301,4718.032258064516,4938.0,0,438.02639344262303,540.98,0,4.498032786885245,5.29,0,14.628787878787879,18.0,0,3782.7651515151515,4469.0,0,,,,,,
A,21,run_21_A,67.12923329789191,134.25846659578383,1489.6652190529926,0.02796424914638525,0.0577768718423631,4.230874496046454,2.115437248023227,4736.210803828803,0.6597,2.113938564682007,0.6597,0.0,0.0,,0.0,0.0,0.0,0.0,,,,,,,,0.0,138.48934109183028,0,58.87662337662338,60.5,10.38961038961039,154,153.399,58.87662337662338,60.5,10.38961038961039,first_to_last_active_sample,first_to_last_active_sample,20.0,2026-06-02T00:41:01.532000,2026-06-02T00:43:18.917000,65.70289855072464,65.0,0.0,138,137.385,4716.636363636364,4938.0,0,438.43590163934425,495.03,0,4.508688524590164,5.41,0,14.424242424242424,18.0,0,3737.2727272727275,4376.0,0,,,,,,
A,22,run_22_A,68.64574503200129,137.29149006400257,1456.7671649105487,0.02984871007704535,0.0578210852487022,4.411738716065884,2.205869358032942,4533.404444957148,0.6575,2.100427445602417,0.6575,0.0,0.0,,0.0,0.0,0.0,0.0,,,,,,,,0.0,141.70322878006846,0,59.10828025477707,60.0,10.191082802547772,157,156.32,59.10828025477707,60.0,10.191082802547772,first_to_last_active_sample,first_to_last_active_sample,20.0,2026-06-02T00:43:28.952000,2026-06-02T00:45:57.267000,62.281879194630875,62.0,5.369127516778524,149,148.315,4720.866242038216,4938.0,0,431.0422580645161,488.97,0,4.299838709677419,5.07,0,14.492537313432836,18.0,0,3719.0746268656717,4493.0,0,,,,,,
A,23,run_23_A,66.77871102606878,133.55742205213755,1497.494549600249,0.02746894263901775,0.05781511460845365,4.371350105851889,2.1856750529259443,4575.3390554186935,0.6596,2.096666736602783,0.6596,0.0,0.0,,0.0,0.0,0.0,0.0,,,,,,,,0.0,137.92877215798944,0,63.22727272727273,64.0,11.03896103896104,154,153.351,63.22727272727273,64.0,11.03896103896104,first_to_last_active_sample,first_to_last_active_sample,20.0,2026-06-02T00:46:13.311000,2026-06-02T00:48:30.647000,70.55072463768116,67.5,0.7246376811594203,138,137.336,4716.636363636364,4938.0,0,442.9243333333333,544.13,0,4.519333333333334,5.29,0,14.51908396946565,18.0,0,3743.7862595419847,4186.0,0,,,,,,
A,24,run_24_A,67.34292500466108,134.68585000932217,1484.937646140468,0.028253524878319503,0.057755229306881206,4.365013968665153,2.1825069843325764,4582.134672248858,0.6519,2.1268890419006348,0.6519,0.0,0.0,,0.0,0.0,0.0,0.0,,,,,,,,0.0,139.05086397798732,0,59.20645161290322,61.0,11.612903225806452,155,154.301,59.20645161290322,61.0,11.612903225806452,first_to_last_active_sample,first_to_last_active_sample,20.0,2026-06-02T00:48:47.730000,2026-06-02T00:51:05.984000,66.0,64.0,1.4388489208633095,139,138.254,4718.064516129032,4938.0,0,435.99885245901635,491.16,0,4.504918032786884,5.23,0,14.515151515151516,18.0,0,3683.719696969697,4370.0,0,,,,,,
A,25,run_25_A,67.4658740980085,134.931748196017,1482.23567843903,0.0283923493364773,0.0577743548514021,4.3609056724235415,2.1804528362117708,4586.465258950077,0.6544,2.104123274230957,0.6544,0.0,0.0,,0.0,0.0,0.0,0.0,,,,,,,,0.0,139.29265386844054,0,60.51923076923077,60.5,11.538461538461538,156,155.319,60.51923076923077,60.5,11.538461538461538,first_to_last_active_sample,first_to_last_active_sample,20.0,2026-06-02T00:51:23.024000,2026-06-02T00:53:41.330000,67.9136690647482,65.0,0.7194244604316548,139,138.306,4719.474358974359,4938.0,0,440.284262295082,532.7,0,4.536393442622951,5.27,0,14.443609022556391,18.0,0,3735.1654135338345,4364.0,0,,,,,,
A,26,run_26_A,67.13670453452505,134.2734090690501,1489.6458281552818,0.0280040639185863,0.057736293064392194,4.274696429260075,2.1373482146300375,4679.633128228774,0.6598,2.097972289657593,0.6598,0.0,0.0,,0.0,0.0,0.0,0.0,,,,,,,,0.0,138.54810549831018,0,60.993506493506494,61.0,11.688311688311687,154,153.401,60.993506493506494,61.0,11.688311688311687,first_to_last_active_sample,first_to_last_active_sample,20.0,2026-06-02T01:00:27.238000,2026-06-02T01:02:43.628000,68.42335766423358,67.0,0.7299270072992701,137,136.39,4716.636363636364,4938.0,0,427.077868852459,488.99,0,4.404098360655738,5.17,0,14.590909090909092,25.0,0,3680.6363636363635,4287.0,0,,,,,,
A,27,run_27_A,66.39271133765578,132.78542267531157,1506.191409443356,0.02704656007282835,0.05774762429257665,4.306762394029647,2.1533811970148236,4643.89204234049,0.6611,2.103167795562744,0.6611,0.0,0.0,,0.0,0.0,0.0,0.0,,,,,,,,0.0,137.0921850693412,0,62.62091503267974,67.0,11.76470588235294,153,152.224,62.62091503267974,67.0,11.76470588235294,first_to_last_active_sample,first_to_last_active_sample,20.0,2026-06-02T01:03:01.670000,2026-06-02T01:05:16.884000,70.38970588235294,69.0,0.7352941176470588,136,135.214,4715.18954248366,4938.0,0,440.2645000000001,492.35,0,4.543833333333334,5.4,0,14.679389312977099,28.0,0,3735.641221374046,4220.0,0,,,,,,
A,28,run_28_A,66.8350793691352,133.6701587382704,1496.2216976711736,0.02759516142907755,0.0577645064700785,4.193870987277478,2.096935493638739,4771.249352389481,0.6531,2.11100058670044,0.6531,0.0,0.0,,0.0,0.0,0.0,0.0,,,,,,,,0.0,137.86402972554788,0,59.357142857142854,61.5,10.38961038961039,154,153.496,59.357142857142854,61.5,10.38961038961039,first_to_last_active_sample,first_to_last_active_sample,20.0,2026-06-02T01:05:26.921000,2026-06-02T01:08:00.417000,59.357142857142854,61.5,10.38961038961039,154,153.496,4684.584415584415,4938.0,0,442.6311666666666,540.36,0,4.528333333333333,5.31,0,14.679389312977099,18.0,0,3711.1068702290077,4309.0,0,,,,,,
A,29,run_29_A,66.93433946580626,133.86867893161252,1494.003704245869,0.02761920969730805,0.05785400029527895,4.343384757172316,2.171692378586158,4605.765071581942,0.6554,2.117064345550537,0.6554,0.0,0.0,,0.0,0.0,0.0,0.0,,,,,,,,0.0,138.21206368878484,0,60.34193548387097,62.0,10.967741935483872,155,154.353,60.34193548387097,62.0,10.967741935483872,first_to_last_active_sample,first_to_last_active_sample,20.0,2026-06-02T01:08:08.450000,2026-06-02T01:10:25.793000,67.77536231884058,67.0,0.0,138,137.343,4686.2193548387095,4938.0,0,437.9168852459016,532.75,0,4.508032786885245,5.29,0,14.280303030303031,18.0,0,3734.159090909091,4300.0,0,,,,,,
A,30,run_30_A,66.69067690265365,133.3813538053073,1499.4620090028607,0.027378083368980052,0.0577983271534247,4.3169498979114,2.1584749489557,4633.440904568599,0.663,2.081972410583496,0.663,0.0,0.0,,0.0,0.0,0.0,0.0,,,,,,,,0.0,137.6983037032187,0,60.928104575163395,62.0,11.11111111111111,153,152.336,60.928104575163395,62.0,11.11111111111111,first_to_last_active_sample,first_to_last_active_sample,20.0,2026-06-02T01:10:43.834000,2026-06-02T01:13:00.159000,68.02189781021897,65.0,0.7299270072992701,137,136.325,4715.18954248366,4938.0,0,443.0028333333333,543.4,0,4.557333333333333,5.45,0,14.648854961832061,18.0,0,3668.961832061069,4259.0,0,,,,,,
B,1,run_1_B,3613.2606666464126,7226.521333292825,27.675875494406796,4.559808572855643,0.0605715174079679,726.5591091611423,363.27955458057113,27.530608612431312,0.6584,2.1125327144622803,0.6584,28223.40106670861,370.89344787597656,18.045652855951797,0.0,0.0,0.0,0.0,,,,,,,,370.89344787597656,7953.080442453967,0,1.156823573479835,0.0,97.26557622674491,8009,8011.205,1.156823573479835,0.0,97.26557622674491,first_to_last_active_sample,first_to_last_active_sample,20.0,2026-05-23T15:55:04.323000,2026-05-23T18:07:05.485000,1.169970955928779,0.0,97.23449930546786,7919,7921.162,4903.8838806342865,4936.0,0,12.811739130434782,122.34,0,4.328065532451166,5.2,0,4.143421052631579,18.0,0,4115.100877192983,4625.0,0,,,,,,
B,2,run_2_B,3537.947895498015,7075.89579099603,28.264973967904805,4.461363215383816,0.0626966433265827,722.7982807052322,361.3991403526161,27.670242990977542,0.6609,2.090209774017334,0.6609,27646.94836552418,370.89344787597656,17.67707696005382,0.0,0.0,0.0,0.0,,,,,,,,370.89344787597656,7798.694071701262,0,1.2117467193273028,0.0,97.24805707733469,7849,7851.183,1.2117467193273028,0.0,97.24805707733469,first_to_last_active_sample,first_to_last_active_sample,20.0,2026-05-23T19:57:41.491000,2026-05-23T22:06:32.617000,1.2275844223056023,0.0,97.205330573166,7729,7731.126,4905.0561855013375,4936.0,0,12.974586949533913,97.91,0,4.390784313725491,5.34,0,4.148142622706251,12.0,0,4138.50052215426,4630.0,0,,,,,,
B,3,run_3_B,3517.5282980079064,7035.056596015813,28.4314214164669,4.435642054727863,0.062293153168940796,709.0860054662917,354.54300273314584,28.206750225672693,0.6617,2.1020496212005617,0.6617,27458.673832509667,370.89344787597656,17.556696823855283,0.0,0.0,0.0,0.0,,,,,,,,370.89344787597656,7744.1426014821045,0,1.1887179487179487,0.0,97.52564102564104,7800,7802.16,1.1887179487179487,0.0,97.52564102564104,first_to_last_active_sample,first_to_last_active_sample,20.0,2026-05-23T23:05:13.755000,2026-05-24T01:13:27.817000,1.2052782111284452,0.0,97.49089963598544,7692,7694.062,4903.6069230769235,4936.0,0,13.104060174700745,98.21,0,4.168637981235846,5.2,0,4.143672121303108,11.0,0,4034.4548866536556,4547.0,0,,,,,,
B,4,run_4_B,3538.0635365404887,7076.127073080977,28.271311686921436,4.458246234560544,0.0659566680067683,739.1927784050349,369.59638920251746,27.072403567675725,0.6515,2.1193720504760742,0.6515,27663.36699493113,370.89344787597656,17.687574804943175,0.0,0.0,0.0,0.0,,,,,,,,370.89344787597656,7815.319851486012,0,1.05401626842908,0.0,97.95373665480427,7868,7870.605,1.05401626842908,0.0,97.95373665480427,first_to_last_active_sample,first_to_last_active_sample,20.0,2026-05-24T01:18:35.908000,2026-05-24T03:28:19.473000,1.0654157563295206,0.0,97.9308572162961,7781,7783.565,4905.131164209456,4936.0,0,12.92051635663887,186.37,0,4.534573444515715,5.35,0,4.136011904761904,31.0,0,4115.9440476190475,4616.0,0,,,,,,
B,5,run_5_B,3559.318431994994,7118.636863989988,28.097751625049337,4.48651053906401,0.06490132623576005,730.9673340590671,365.48366702953354,27.362109390713037,0.6606,2.1020853340148924,0.6606,27794.702877653064,370.89344787597656,17.771549154509632,0.0,0.0,0.0,0.0,,,,,,,,370.89344787597656,7849.604198049055,0,1.1470290771175726,0.0,97.7370417193426,7910,7912.368,1.1470290771175726,0.0,97.7370417193426,first_to_last_active_sample,first_to_last_active_sample,20.0,2026-05-24T10:09:37.632000,2026-05-24T12:19:35.945000,1.1612365315546433,0.0,97.70395074397126,7796,7798.313,4899.655625790139,4938.0,0,13.10081658692185,143.9,0,4.436848484848484,5.55,0,4.1262768319763135,13.0,0,4592.794670614359,5265.0,0,,,,,,
B,6,run_6_B,3562.276197805535,7124.55239561107,28.07199485395124,4.489172845046468,0.06601793795292285,736.2385246879421,368.11926234397106,27.196637867246537,0.6493,2.133805804443359,0.6493,27777.33757399465,370.89344787597656,17.760446019178165,0.0,0.0,0.0,0.0,,,,,,,,370.89344787597656,7860.790920299012,0,1.1740394337714863,0.0,97.99039433771486,7912,7914.419,1.1740394337714863,0.0,97.99039433771486,first_to_last_active_sample,first_to_last_active_sample,20.0,2026-05-24T12:49:59.883000,2026-05-24T14:59:35.235000,1.1931043355203912,0.0,97.95445773832498,7773,7775.352,4906.178210313448,4938.0,0,13.049004784688996,278.02,0,4.501307814992026,5.54,0,4.136895071777416,13.0,0,4814.781559863844,5395.0,0,,,,,,
B,7,run_7_B,3519.5257422925206,7039.051484585041,28.41677538636992,4.439536465188551,0.06101110784436365,715.2629085979424,357.6314542989712,27.962357449828446,0.664,2.09739455947876,0.664,27415.411489404272,370.89344787597656,17.529035479158743,0.0,0.0,0.0,0.0,,,,,,,,370.89344787597656,7754.314393182984,0,1.2564365313180479,0.0,97.52785961316766,7807,7809.176,1.2564365313180479,0.0,97.52785961316766,first_to_last_active_sample,first_to_last_active_sample,20.0,2026-05-24T15:12:47.325000,2026-05-24T17:20:36.444000,1.277814008086605,0.0,97.48271814268945,7667,7669.119,4904.973485333675,4938.0,0,12.72792501616031,97.56,0,4.398164188752424,5.44,0,4.1372019793072425,12.0,0,5443.168990853202,6438.0,0,,,,,,
B,8,run_8_B,3499.537036294001,6999.074072588002,28.578479519249164,4.412294951421917,0.06270967320288355,702.7980040679686,351.3990020339843,28.459290198128453,0.6429,2.1617396064758303,0.6429,27324.55727350968,370.89344787597656,17.470944548279846,0.0,0.0,0.0,0.0,,,,,,,,370.89344787597656,7701.872076655971,0,1.2437483887599896,0.0,97.35756638308843,7758,7760.122,1.2437483887599896,0.0,97.35756638308843,first_to_last_active_sample,first_to_last_active_sample,20.0,2026-05-24T17:30:47.984000,2026-05-24T19:32:37.937000,1.3003557744937055,0.0,97.19485495347564,7308,7309.953,4903.36091776231,4938.0,0,12.179782113821139,97.93,0,4.425365853658537,5.36,0,4.129601689800845,13.0,0,5884.328605914303,6412.0,0,,,,,,
B,9,run_9_B,3531.855802097125,7063.71160419425,28.31378930351881,4.451192879565972,0.0651384511309892,720.6593767141458,360.3296883570729,27.753103581073333,0.668,2.078526315689087,0.668,27584.372385126306,370.89344787597656,17.637066742408123,0.0,0.0,0.0,0.0,,,,,,,,370.89344787597656,7784.370980908396,0,1.1931122448979592,0.0,97.6658163265306,7840,7842.332,1.1931122448979592,0.0,97.6658163265306,first_to_last_active_sample,first_to_last_active_sample,20.0,2026-05-24T20:20:38.529000,2026-05-24T22:28:21.784000,1.2173345516251142,0.0,97.6112779010573,7661,7663.255,4903.704591836735,4936.0,0,11.935432893466366,174.83,0,4.417524943675572,5.41,0,4.1347962382445145,12.0,0,6005.23645320197,6547.0,0,,,,,,
B,10,run_10_B,3566.1430296199396,7132.286059239879,28.06563703758978,4.493169980929764,0.0670100379908812,708.4671188092325,354.23355940461624,28.231003877313398,0.6587,2.1040180763244627,0.6587,27869.443739299197,370.89344787597656,17.81933742921943,0.0,0.0,0.0,0.0,,,,,,,,370.89344787597656,7840.753178049112,0,1.3568985176738884,0.0,97.54212593437222,7893,7895.301,1.3568985176738884,0.0,97.54212593437222,first_to_last_active_sample,first_to_last_active_sample,20.0,2026-05-24T22:58:08.614000,2026-05-25T01:08:21.877000,1.369606964537191,0.0,97.51632313404174,7811,7813.263,4907.953376409477,4938.0,0,11.908136189258313,97.94,0,4.641393861892583,5.62,0,4.142369865045232,10.0,0,5989.991250185378,6513.0,0,,,,,,
B,11,run_11_B,3525.758118125028,7051.516236250056,28.37578811570117,4.441194322794769,0.0673434586802204,741.3870716199744,370.6935358099872,26.976618869770363,0.6605,2.087152682495117,0.6605,27534.504062072603,370.89344787597656,17.605181625366114,0.0,0.0,0.0,0.0,,,,,,,,370.89344787597656,7792.90330787003,0,1.3078883649802473,0.0,97.56594877023066,7847,7849.793,1.3078883649802473,0.0,97.56594877023066,first_to_last_active_sample,first_to_last_active_sample,20.0,2026-05-25T01:14:15.053000,2026-05-25T03:22:24.714000,1.335111226746455,0.0,97.51528554702745,7687,7689.661,4904.09787179814,4938.0,0,12.1043922829582,98.04,0,4.4426591639871384,5.58,0,4.143027591349739,14.0,0,5973.220283370619,6687.0,0,,,,,,
B,12,run_12_B,3618.7230497469427,7237.446099493885,27.634286738697433,4.566294767924518,0.0611190248625841,728.6339878770523,364.31699393852614,27.454127381107327,0.6547,2.1154627902984617,0.6547,28354.336003519362,370.89344787597656,18.12937084624,0.0,0.0,0.0,0.0,,,,,,,,370.89344787597656,7966.080087370938,0,1.169430245605286,0.0,97.36940531105847,8021,8023.115,1.169430245605286,0.0,97.36940531105847,first_to_last_active_sample,first_to_last_active_sample,20.0,2026-05-25T10:44:12.719000,2026-05-25T12:55:32.772000,1.188118811881188,0.0,97.32165524244732,7878,7880.053,4905.163695299838,4936.0,0,11.833095312991508,97.52,0,4.2389776659326825,5.16,0,4.1247810858143605,13.0,0,5991.004524226503,6472.0,0,,,,,,
B,13,run_13_B,3704.834230251028,7409.668460502056,26.991802176277883,4.675298328956832,0.06223035994720645,747.6728601891082,373.8364300945541,26.760037296422745,0.6552,2.102074604034424,0.6552,28976.128718585707,370.89344787597656,18.52693652083485,0.0,0.0,0.0,0.0,,,,,,,,370.89344787597656,8157.341320691165,0,1.104128607964925,0.0,97.58860065765437,8211,8213.427,1.104128607964925,0.0,97.58860065765437,first_to_last_active_sample,first_to_last_active_sample,20.0,2026-05-25T13:19:13.781000,2026-05-25T15:32:51.129000,1.1283842794759826,0.0,97.5296319401123,8015,8017.348,4906.365119961028,4936.0,0,11.402562999385372,97.64,0,4.305076828518746,5.36,0,4.126870990734141,14.0,0,5964.7213114754095,6507.0,0,,,,,,
B,14,run_14_B,3666.8742292413954,7333.748458482791,27.273291564173213,4.622602759624499,0.06638806632733625,721.397610228043,360.6988051140215,27.728041236958965,0.655,2.12291648979187,0.655,28610.197021601954,370.89344787597656,18.292964847571582,0.0,0.0,0.0,0.0,,,,,,,,370.89344787597656,8055.146068710834,0,1.1655980271270037,0.0,97.81750924784217,8110,8112.645,1.1655980271270037,0.0,97.81750924784217,first_to_last_active_sample,first_to_last_active_sample,20.0,2026-05-25T15:43:07.003000,2026-05-25T17:55:41.583000,1.1886317907444668,0.0,97.77414486921529,7952,7954.58,4905.908508014796,4938.0,0,11.692255756067206,166.61,0,4.536465463596764,5.5,0,4.128301342185019,13.0,0,5925.534709193245,6475.0,0,,,,,,
B,15,run_15_B,3567.741525212419,7135.483050424838,28.029538720246798,4.492808214775995,0.06942101154173305,725.1251511729788,362.5625755864894,27.58370559788021,0.6542,2.119398720550537,0.6542,27876.67638389254,370.89344787597656,17.82396188228423,0.0,0.0,0.0,0.0,,,,,,,,370.89344787597656,7860.608201597817,0,1.1899166034874906,0.0,97.99090219863533,7914,7916.766,1.1899166034874906,0.0,97.99090219863533,first_to_last_active_sample,first_to_last_active_sample,20.0,2026-05-25T18:15:46.040000,2026-05-25T20:25:58.759000,1.203585147247119,0.0,97.9641485275288,7810,7812.719,4905.730351276219,4936.0,0,12.207896079056423,98.08,0,4.310044628626076,5.32,0,4.136202307009761,13.0,0,5928.304643596569,6543.0,0,,,,,,
B,16,run_16_B,3631.004575844039,7262.009151688078,27.541707200437585,4.5819356914650164,0.06118489784034335,758.7720496510155,379.3860248255078,26.440895015344417,0.6582,2.10502313079834,0.6582,28451.618539105635,370.89344787597656,18.191571955949893,0.0,0.0,0.0,0.0,,,,,,,,370.89344787597656,8020.781201339094,0,1.1985221674876847,0.0,97.41379310344827,8120,8122.162,1.1985221674876847,0.0,97.41379310344827,first_to_last_active_sample,first_to_last_active_sample,20.0,2026-05-25T20:32:09.301000,2026-05-25T22:44:33.351000,1.222488038277512,0.0,97.35582976580206,7942,7944.05,4904.323152709359,4936.0,0,11.659011808576755,97.86,0,4.1818458669981355,5.05,0,4.1231079717457115,13.0,0,5928.779731872567,6457.0,0,,,,,,
B,17,run_17_B,3602.3322120044613,7204.664424008923,27.762431834430593,4.541416438920793,0.06503822182155095,715.8655272610486,357.9327636305243,27.93974854212331,0.6633,2.0916057399749755,0.6633,28139.837284331676,370.89344787597656,17.992223327577797,0.0,0.0,0.0,0.0,,,,,,,,370.89344787597656,7920.529951269971,0,1.1470477623166604,0.0,97.63068822865739,7977,7979.335,1.1470477623166604,0.0,97.63068822865739,first_to_last_active_sample,first_to_last_active_sample,20.0,2026-05-25T22:54:54.984000,2026-05-26T01:03:05.160000,1.1802809573361082,0.0,97.54162330905307,7688,7690.176,4902.4613263131505,4936.0,0,11.94484340398608,97.82,0,4.483397658968681,5.35,0,4.13707073671852,29.0,0,6015.377751687702,6795.0,0,,,,,,
B,18,run_18_B,3665.3292243069736,7330.658448613947,27.283339656742832,4.616745258481099,0.07027611394277039,752.368648679927,376.1843243399635,26.59885665823201,0.6591,2.096685300064087,0.6591,28581.532105556922,370.89344787597656,18.274636896136144,0.0,0.0,0.0,0.0,,,,,,,,370.89344787597656,8083.027097293874,0,1.1446656833824975,0.0,98.03343166175024,8136,8138.988,1.1446656833824975,0.0,98.03343166175024,first_to_last_active_sample,first_to_last_active_sample,20.0,2026-05-26T01:19:55.451000,2026-05-26T03:33:27.386000,1.160694219003621,0.0,98.00224747159446,8009,8011.935,4906.941494591937,4938.0,0,11.797589950372208,202.47,0,4.692782258064516,5.45,0,4.128920863309353,25.0,0,5981.7348201438845,6443.0,0,,,,,,
B,19,run_19_B,3847.3257418309804,7694.651483661961,25.99219153417308,4.848426469781226,0.07117632821278494,789.9961366509087,394.99806832545437,25.319784666583573,0.6641,2.086982736968994,0.6641,29310.65078189713,370.89344787597656,18.740825308118367,0.0,0.0,0.0,0.0,,,,,,,,370.89344787597656,8484.64762031287,0,8.643793911007025,0.0,87.72833723653396,8540,8547.329,8.643793911007025,0.0,87.72833723653396,first_to_last_active_sample,first_to_last_active_sample,20.0,2026-05-26T10:08:34.905000,2026-05-26T12:28:06.139000,8.820301291248207,0.0,87.4701099952176,8364,8371.234,5678.812412177986,23319.0,0,24.406042350134207,113.95,0,4.466564270802267,5.54,0,2.8876482903000698,47.0,0,5717.440614096301,28102.0,0,,,,,,
B,20,run_20_B,3848.483243258437,7696.966486516874,25.988372615166497,4.857421972688533,0.06381433020950865,751.3798473889474,375.6899236944737,26.63914166750181,0.6557,2.1122095832824708,0.6557,29455.059630352538,370.89344787597656,18.833158331427455,0.0,0.0,0.0,0.0,,,,,,,,370.89344787597656,8448.346333905822,0,1.08646175504458,0.0,97.71234162365087,8524,8528.522,1.08646175504458,0.0,97.71234162365087,first_to_last_active_sample,first_to_last_active_sample,20.0,2026-05-26T12:34:32.824000,2026-05-26T14:51:37.158000,1.1150851581508516,0.0,97.62773722627736,8220,8224.334,4905.245893946504,4936.0,0,22.1343270665473,180.9,0,4.435798269173381,5.4,0,2.8512684694730974,12.0,0,4598.184973515473,5314.0,0,,,,,,
B,21,run_21_B,3948.1826254500775,7896.365250900155,25.32818493328212,4.981327875618689,0.06741047115645746,773.5581392112654,386.7790696056327,25.86234075797096,0.655,2.115623636627197,0.655,29758.19116827543,370.89344787597656,19.026976450303984,0.0,0.0,0.0,0.0,,,,,,,,370.89344787597656,8669.92339011142,0,1.1957119926622335,0.0,97.85599633111671,8722,8727.366,1.1957119926622335,0.0,97.85599633111671,first_to_last_active_sample,first_to_last_active_sample,20.0,2026-05-26T15:21:14.119000,2026-05-26T17:44:59.386000,1.207308584686775,0.0,97.83062645011601,8620,8625.267,4905.943820224719,4936.0,0,30.07127310061602,148.9,0,4.454001173364623,5.37,0,1.8986505095015147,10.0,0,4023.2434591021756,4265.0,0,,,,,,
B,22,run_22_B,3957.4135815398768,7914.8271630797535,25.269046092486125,4.994746890835776,0.06579219729697944,793.7801547369454,396.8900773684727,25.19596206321085,0.6621,2.0972466827392577,0.6621,29749.10906542139,370.89344787597656,19.021169479169686,0.0,0.0,0.0,0.0,,,,,,,,370.89344787597656,8708.607317816699,0,1.0548460661345496,0.0,97.99315849486887,8770,8774.943,1.0548460661345496,0.0,97.99315849486887,first_to_last_active_sample,first_to_last_active_sample,20.0,2026-05-26T17:51:39.458000,2026-05-26T20:14:55.276000,1.0751949714817832,0.0,97.95134443021767,8591,8595.818,4907.492132269099,4938.0,0,29.86865480011672,99.02,0,4.382451123431573,5.38,0,1.8882803943044908,5.0,0,3641.184556407448,4182.0,0,,,,,,
B,23,run_23_B,4035.5697262359317,8071.1394524718635,24.782224498702348,5.092695872328849,0.06778992806002135,798.7787497858517,399.38937489292584,25.061345678702295,0.6579,2.094837377929688,0.6579,30489.693982864497,370.89344787597656,19.494689247355815,0.0,0.0,0.0,0.0,,,,,,,,370.89344787597656,8869.918202257715,0,1.062212756417442,0.0,97.95986996973434,8921,8926.161,1.062212756417442,0.0,97.95986996973434,first_to_last_active_sample,first_to_last_active_sample,20.0,2026-05-27T09:22:00.730000,2026-05-27T11:47:40.717000,1.078992558672009,0.0,97.9164281625644,8735,8739.987,4907.168927250308,4936.0,0,29.31482214572576,98.01,0,4.453798049340218,5.37,0,1.8980883144857297,11.0,0,4131.107565966613,4932.0,0,,,,,,
B,24,run_24_B,3958.732567747473,7917.465135494946,25.261329879711358,4.995212208408781,0.06701115347430715,798.9005219631363,399.45026098156814,25.037037685416323,0.6593,2.1024114334106447,0.6593,29827.132892724825,370.89344787597656,19.071056836780585,0.0,0.0,0.0,0.0,,,,,,,,370.89344787597656,8716.365657458082,0,0.9826642335766423,0.0,98.04972627737226,8768,8773.255,0.9826642335766423,0.0,98.04972627737226,first_to_last_active_sample,first_to_last_active_sample,20.0,2026-05-27T12:12:27.711000,2026-05-27T14:34:01.754000,1.0116621510189656,0.0,97.98562846036046,8489,8494.043,4905.031934306569,4936.0,0,29.661876824284878,98.07,0,4.432545242265032,5.36,0,1.9136986301369863,11.0,0,4406.13397260274,4936.0,0,,,,,,
B,25,run_25_B,3984.5747703175293,7969.149540635059,25.097246135259937,5.032284161077885,0.06298494915825685,799.4147065270226,399.7073532635113,25.03805260529205,0.6537,2.1068559940338134,0.6537,30071.14150853362,370.89344787597656,19.227072575788757,0.0,0.0,0.0,0.0,,,,,,,,370.89344787597656,8768.564247162081,0,1.0873213880698571,0.0,97.65252891812203,8818,8824.002,1.0873213880698571,0.0,97.65252891812203,first_to_last_active_sample,first_to_last_active_sample,20.0,2026-05-27T14:50:04.011000,2026-05-27T17:07:53.566000,1.1579138431752178,0.0,97.49515972894483,8264,8269.555,4906.838738943071,4936.0,0,29.590664538595476,163.82,0,4.478261752756819,5.33,0,1.9004494075990739,31.0,0,4437.086749285033,4911.0,0,,,,,,
B,26,run_26_B,3957.3907771299127,7914.7815542598255,25.27296081578441,4.997007635632999,0.0634996611490974,806.5388413090259,403.26942065451294,24.798624889804017,0.6554,2.1016850479125977,0.6554,30191.547835131874,370.89344787597656,19.30405871811501,0.0,0.0,0.0,0.0,,,,,,,,370.89344787597656,8721.320395568851,0,1.1936880483080778,0.0,97.53902244502677,8777,8781.339,1.1936880483080778,0.0,97.53902244502677,first_to_last_active_sample,first_to_last_active_sample,20.0,2026-05-27T17:55:40.462000,2026-05-27T20:19:49.728000,1.2114517061885484,0.0,97.50144592249855,8645,8649.266,4904.877065056397,4936.0,0,24.315708478513354,97.96,0,4.3932665505226485,5.34,0,2.524242835800625,23.0,0,4022.5806057313594,4619.0,0,,,,,,
B,27,run_27_B,3916.5860860350076,7833.172172070015,25.534207344438165,4.941218773016374,0.06710956400871279,780.6333095179871,390.31665475899354,25.632681215672825,0.6584,2.0998437545776367,0.6584,29461.055208322126,370.89344787597656,18.836991821177833,0.0,0.0,0.0,0.0,,,,,,,,370.89344787597656,8613.805481588002,0,1.215496368038741,0.0,97.68246281563474,8673,8678.114,1.215496368038741,0.0,97.68246281563474,first_to_last_active_sample,first_to_last_active_sample,20.0,2026-05-27T22:12:03.127000,2026-05-28T00:33:29.089000,1.2418346893055063,0.0,97.62999646268129,8481,8485.962,4902.362273723049,4936.0,0,30.381678466076696,97.93,0,4.4148171091445425,5.34,0,1.898643035170313,9.0,0,3734.1442813625035,4243.0,0,,,,,,
B,28,run_28_B,3976.958095693495,7953.91619138699,25.14726753831507,5.019499428856991,0.0660337093487189,794.3699648890179,397.18498244450893,25.185062935398772,0.6527,2.133864478302002,0.6527,29950.418782706372,370.89344787597656,19.149884132165198,0.0,0.0,0.0,0.0,,,,,,,,370.89344787597656,8748.286156276008,0,1.1985235661555935,0.0,97.69449176604202,8805,8810.21,1.1985235661555935,0.0,97.69449176604202,first_to_last_active_sample,first_to_last_active_sample,20.0,2026-05-28T09:05:10.061000,2026-05-28T11:23:20.882000,1.268163166787352,0.0,97.55008447984552,8286,8290.821,4903.506871095969,4938.0,0,29.647997675094448,97.87,0,4.620807904678872,5.57,0,1.8801309150415928,10.0,0,3745.90849584072,4292.0,0,,,,,,
B,29,run_29_B,3866.9068586924113,7733.813717384823,25.860650829201695,4.881535681554854,0.0632629170236737,758.6771445840131,379.3385722920066,26.361710094486853,0.6575,2.1047192657470704,0.6575,29185.153196785832,370.89344787597656,18.660583885412933,0.0,0.0,0.0,0.0,,,,,,,,370.89344787597656,8492.490861968836,0,1.1741724178266464,0.0,97.34471868054743,8549,8553.732,1.1741724178266464,0.0,97.34471868054743,first_to_last_active_sample,first_to_last_active_sample,20.0,2026-05-28T12:38:20.932000,2026-05-28T14:59:00.588000,1.189922940130409,0.0,97.30883224659158,8435,8439.656,4903.02819043163,4936.0,0,30.580152648907514,98.02,0,4.147147560610596,5.18,0,1.9372102823430257,100.0,0,3724.336283185841,4299.0,0,,,,,,
B,30,run_30_B,3903.346554363962,7806.693108727924,25.61911438719624,4.924483590445522,0.06691453901766806,784.9917914259713,392.49589571298566,25.480227144035997,0.659,2.101828413772583,0.659,29386.96951116412,370.89344787597656,18.789622449593423,0.0,0.0,0.0,0.0,,,,,,,,370.89344787597656,8591.684900153894,0,0.9959518852648623,0.0,97.88341429562803,8646,8651.118,0.9959518852648623,0.0,97.88341429562803,first_to_last_active_sample,first_to_last_active_sample,20.0,2026-05-28T15:41:59.863000,2026-05-28T18:03:35.881000,1.0141326109998823,0.0,97.84477682251797,8491,8496.018,4904.835762202174,4936.0,0,30.17010654039657,98.07,0,4.443211009174312,5.37,0,1.8954311901124843,10.0,0,3768.632134425774,4282.0,0,,,,,,
C,1,run_1_C,46.51810034038499,93.03620068076998,2150.0454260465513,0.00091882046911135,0.05814868599519395,4.289025647100061,2.1445128235500306,4668.142139626515,0.6588,2.1113752670288086,0.6588,0.0,0.0,0.0,1000.7589809037744,213864729.0,203.9572992324829,110000.0,0.0,1.0,1.0,200000.0,0.0,0.00223222789187885,0.0023485915499585498,203.9572992324829,1098.0842072316445,0,8.087370242214533,0.0,91.78200692041523,1156,1155.734,8.087370242214533,0.0,91.78200692041523,after_estimated_warmup_end_then_first_to_last_active_sample,first_to_last_active_sample,20.0,2026-06-07T00:46:32.430000,2026-06-07T00:48:11.519000,93.41,99.0,5.0,100,99.089,509.22231833910035,4950.0,0,117.3059201773836,1793.8,0,3.230509977827051,25.1,0,4.581685744016649,57.0,0,2754.418314255983,8716.0,0,2026-06-07T00:45:53.553980904,60.31612903225806,99.0,38.70967741935484,155.0,154.129
C,2,run_2_C,46.71918576746248,93.43837153492495,2140.979691170175,0.0011661476396080499,0.0580936214884223,4.289898499846458,2.144949249923229,4673.279324253983,0.6556,2.093353422164917,0.6556,0.0,0.0,0.0,989.955337568652,213864729.0,203.9572992324829,110000.0,0.0,1.0,1.0,200000.0,0.0,0.00219340306615015,0.0023685525248085997,203.9572992324829,1087.6836076034233,0,7.900599828620394,0.0,91.9451585261354,1167,1166.75,7.900599828620394,0.0,91.9451585261354,after_estimated_warmup_end_then_first_to_last_active_sample,first_to_last_active_sample,20.0,2026-06-07T01:16:50.379000,2026-06-07T01:18:35.493000,86.94339622641509,99.0,11.320754716981133,106,105.114,581.5467009425878,4950.0,0,113.87085714285713,1705.79,0,3.526483516483517,24.76,0,4.608247422680412,55.0,0,2839.0,8719.0,0,2026-06-07T01:16:08.715337569,52.090395480225986,99.0,46.89265536723164,177.0,176.155
C,3,run_3_C,46.73330668872222,93.46661337744445,2140.3540644672194,0.00129669808122845,0.0581158267529419,4.363590416032821,2.1817952080164105,4589.644046441372,0.652,2.120911460113525,0.652,0.0,0.0,0.0,963.7180778798648,213864729.0,203.9572992324829,110000.0,0.0,1.0,1.0,200000.0,0.0,0.00217188059178455,0.002249537513273,203.9572992324829,1061.548281673342,0,8.460373998219056,0.0,91.45146927871772,1123,1122.7,8.460373998219056,0.0,91.45146927871772,after_estimated_warmup_end_then_first_to_last_active_sample,first_to_last_active_sample,20.0,2026-06-07T01:35:54.100000,2026-06-07T01:37:33.165000,94.92,99.0,4.0,100,99.065,544.6634016028495,4950.0,0,122.6722602739726,1752.99,0,3.4151141552511413,26.57,0,4.689174705251876,56.0,0,2813.7395498392284,8741.0,0,2026-06-07T01:35:16.225077880,59.75471698113208,99.0,39.62264150943396,159.0,158.129
C,4,run_4_C,46.54870477109216,93.09740954218432,2148.5763781704973,0.00107841183791105,0.05800299849623185,4.245674596633762,2.122837298316881,4719.603964528542,0.6561,2.104590014648437,0.6561,0.0,0.0,0.0,947.2813600255176,213864729.0,203.9572992324829,110000.0,0.0,1.0,1.0,200000.0,0.0,0.00222080621137125,0.0023739038984279,203.9572992324829,1044.6244441643357,0,8.48340807174888,0.0,91.39013452914799,1115,1114.655,8.48340807174888,0.0,91.39013452914799,after_estimated_warmup_end_then_first_to_last_active_sample,first_to_last_active_sample,20.0,2026-06-07T01:54:40.886000,2026-06-07T01:56:19.946000,94.57,99.0,4.0,100,99.06,526.3677130044844,4950.0,0,119.20018390804596,1736.81,0,3.294735632183908,26.12,0,4.798274002157497,57.0,0,2791.5048543689322,8705.0,0,2026-06-07T01:53:49.582360026,56.30357142857143,99.0,42.857142857142854,168.0,167.099
C,5,run_5_C,46.82742613134906,93.65485226269811,2135.8441697542485,0.00139663445011795,0.058026527529201205,4.505330452695489,2.2526652263477445,4449.797495938274,0.6517,2.0971249279022217,0.6517,0.0,0.0,0.0,968.0583163341508,213864729.0,203.9572992324829,110000.0,0.0,1.0,1.0,200000.0,0.0,0.0022499978609616,0.00236442945661795,203.9572992324829,1066.2184990495443,0,8.179555555555556,0.0,91.73333333333333,1125,1124.656,8.179555555555556,0.0,91.73333333333333,after_estimated_warmup_end_then_first_to_last_active_sample,first_to_last_active_sample,20.0,2026-06-07T02:13:31.506000,2026-06-07T02:15:10.575000,91.87,99.0,7.000000000000001,100,99.069,521.7315555555556,4950.0,0,118.83342465753424,1744.81,0,3.2811187214611874,23.36,0,4.773019271948608,56.0,0,2781.461456102784,8622.0,0,2026-06-07T02:12:51.986316334,58.611464968152866,99.0,40.76433121019109,157.0,156.102
C,6,run_6_C,46.83085608575493,93.66171217150986,2136.236904331134,0.0012477472733558501,0.0583274822957251,4.436293717008084,2.218146858504042,4515.57942034748,0.6508,2.126782866668701,0.6508,0.0,0.0,0.0,1017.6434968542308,213864729.0,203.9572992324829,110000.0,0.0,1.0,1.0,200000.0,0.0,0.0022826312327771,0.0022952453810956997,203.9572992324829,1115.7415027427487,0,7.909168081494058,0.0,91.93548387096774,1178,1177.711,7.909168081494058,0.0,91.93548387096774,after_estimated_warmup_end_then_first_to_last_active_sample,first_to_last_active_sample,20.0,2026-06-07T02:33:17.428000,2026-06-07T02:34:56.504000,93.05,99.0,5.0,100,99.076,498.4363327674024,4950.0,0,117.28960784313726,1666.31,0,3.191546840958605,22.57,0,4.649284253578732,57.0,0,2752.530674846626,8684.0,0,2026-06-07T02:32:33.446496854,58.23125,99.0,40.625,160.0,159.112
C,7,run_7_C,46.738631698535755,93.47726339707151,2140.0625274729164,0.0014114533947028,0.057992522461254,4.433909161947668,2.216954580973834,4528.49950530767,0.6532,2.102664864730835,0.6532,0.0,0.0,0.0,992.821330237668,213864729.0,203.9572992324829,110000.0,0.0,1.0,1.0,200000.0,0.0,0.00220564409466385,0.00222559683201715,203.9572992324829,1090.7325027966872,0,7.941227312013829,0.0,91.961970613656,1157,1156.714,7.941227312013829,0.0,91.961970613656,after_estimated_warmup_end_then_first_to_last_active_sample,first_to_last_active_sample,20.0,2026-06-07T02:52:39.241000,2026-06-07T02:54:18.313000,91.75,99.0,7.000000000000001,100,99.072,509.20311149524633,4950.0,0,117.80658536585366,1344.64,0,3.266053215077606,24.85,0,4.765868886576483,57.0,0,2761.697190426639,8728.0,0,2026-06-07T02:51:53.431330238,56.02439024390244,99.0,43.292682926829265,164.0,163.11
C,8,run_8_C,46.781633511185646,93.56326702237129,2137.929281554949,0.00119002978109015,0.058174395997463046,4.48157300427556,2.24078650213778,4466.820241657806,0.6528,2.108111783599853,0.6528,0.0,0.0,0.0,983.687046859879,213864729.0,203.9572992324829,110000.0,0.0,1.0,1.0,200000.0,0.0,0.0022544940395275498,0.00225683626471245,203.9572992324829,1081.731886886526,0,8.096237970253718,0.0,91.68853893263342,1143,1142.695,8.096237970253718,0.0,91.68853893263342,after_estimated_warmup_end_then_first_to_last_active_sample,first_to_last_active_sample,20.0,2026-06-07T03:11:50.081000,2026-06-07T03:13:30.151000,91.60396039603961,99.0,5.9405940594059405,101,100.07,515.8512685914261,4950.0,0,118.29096412556054,1772.92,0,3.25237668161435,25.34,0,4.747368421052632,56.0,0,2760.2536842105264,8307.0,0,2026-06-07T03:11:08.152046860,58.20125786163522,99.0,40.25157232704403,159.0,158.109
C,9,run_9_C,46.77472750120796,93.54945500241593,2138.633948868175,0.00137729071678535,0.05802752089131705,4.4191637500189245,2.2095818750094622,4532.295402625998,0.6552,2.122360308837891,0.6552,0.0,0.0,0.0,977.6310610957444,213864729.0,203.9572992324829,110000.0,0.0,1.0,1.0,200000.0,0.0,0.002191895086978,0.0022690893722627,203.9572992324829,1075.5996798481792,0,8.167106420404574,0.0,91.64467897977133,1137,1136.732,8.167106420404574,0.0,91.64467897977133,after_estimated_warmup_end_then_first_to_last_active_sample,first_to_last_active_sample,20.0,2026-06-07T03:30:54.918000,2026-06-07T03:32:34.044000,92.82,99.0,5.0,100,99.126,516.269129287599,4950.0,0,116.9664189189189,1610.69,0,3.2703603603603604,25.99,0,4.59047619047619,58.0,0,2764.320634920635,8501.0,0,2026-06-07T03:30:11.953061096,58.40251572327044,99.0,40.25157232704403,159.0,158.16
C,10,run_10_C,46.4982910649851,92.9965821299702,2150.9402210830494,0.0009363425438247,0.0580835274668991,4.442765384912491,2.2213826924562454,4510.068217522576,0.6572,2.110020205307007,0.6572,0.0,0.0,0.0,969.561501765158,213864729.0,203.9572992324829,110000.0,0.0,1.0,1.0,200000.0,0.0,0.00222726951203185,0.00227447832297955,203.9572992324829,1067.0008492800407,0,8.384070796460177,0.0,91.50442477876106,1130,1129.691,8.384070796460177,0.0,91.50442477876106,after_estimated_warmup_end_then_first_to_last_active_sample,first_to_last_active_sample,20.0,2026-06-07T03:49:50.521000,2026-06-07T03:51:29.618000,94.51,99.0,4.0,100,99.097,519.433628318584,4950.0,0,119.59086167800452,1793.65,0,3.2841043083900225,25.65,0,4.7092651757188495,57.0,0,2786.7220447284344,8568.0,0,2026-06-07T03:49:07.499501765,59.2125,99.0,40.0,160.0,159.132
C,11,run_11_C,46.75790663110092,93.51581326220185,2139.203716757348,0.00146422923996305,0.058006010411302406,4.40573086310178,2.20286543155089,4543.117099833225,0.6572,2.125416412353516,0.6572,0.0,0.0,0.0,1009.1234286990948,213864729.0,203.9572992324829,110000.0,0.0,1.0,1.0,200000.0,0.0,0.0022722880515005,0.00219960552286585,203.9572992324829,1107.0449728243984,0,7.832474226804123,0.0,92.09621993127148,1164,1163.721,7.832474226804123,0.0,92.09621993127148,after_estimated_warmup_end_then_first_to_last_active_sample,first_to_last_active_sample,20.0,2026-06-07T11:44:11.622000,2026-06-07T11:45:49.685000,91.95959595959596,99.0,7.07070707070707,99,98.063,501.91752577319585,4950.0,0,114.12262114537445,1773.18,0,3.2405947136563875,23.43,0,4.597724922440538,57.0,0,2770.103412616339,8661.0,0,2026-06-07T11:43:33.097428699,58.81935483870968,99.0,40.64516129032258,155.0,154.136
C,12,run_12_C,46.74414197797887,93.48828395595774,2139.9028236916,0.0012553024112873,0.0581207277644497,4.3238078420981765,2.1619039210490882,4638.690611140173,0.6605,2.0965405490875244,0.6605,0.0,0.0,0.0,974.2277270066552,213864729.0,203.9572992324829,110000.0,0.0,1.0,1.0,200000.0,0.0,0.00224414218992435,0.0022890262741925,203.9572992324829,1072.039818804711,0,8.205648720211826,0.0,91.61518093556928,1133,1132.69,8.205648720211826,0.0,91.61518093556928,after_estimated_warmup_end_then_first_to_last_active_sample,first_to_last_active_sample,20.0,2026-06-07T12:03:11.395000,2026-06-07T12:04:50.458000,92.93,99.0,5.0,100,99.063,515.1473962930273,4950.0,0,118.28828054298643,1768.11,0,3.282601809954752,22.63,0,4.766206163655686,56.0,0,2783.8129649309244,8836.0,0,2026-06-07T12:02:29.005727007,58.471698113207545,99.0,40.25157232704403,159.0,158.098
C,13,run_13_C,46.81110273255035,93.6222054651007,2136.7504548147563,0.0014939345752872498,0.0580247397539908,4.4458713829517365,2.2229356914758682,4509.151132405115,0.6608,2.103017007827759,0.6608,0.0,0.0,0.0,998.2236763299444,213864729.0,203.9572992324829,110000.0,0.0,1.0,1.0,200000.0,0.0,0.00223220982428045,0.00233360935191185,203.9572992324829,1096.2917531779967,0,8.025929127052722,0.0,91.78910976663785,1157,1156.797,8.025929127052722,0.0,91.78910976663785,after_estimated_warmup_end_then_first_to_last_active_sample,first_to_last_active_sample,20.0,2026-06-07T12:22:35.205000,2026-06-07T12:24:14.316000,92.76,99.0,5.0,100,99.111,504.92999135695766,4950.0,0,114.14780487804879,1671.89,0,3.2404434589800446,22.07,0,4.566077003121748,57.0,0,2781.4984391259104,8471.0,0,2026-06-07T12:21:52.802676330,58.40251572327044,99.0,40.25157232704403,159.0,158.195
C,14,run_14_C,46.63904283614829,93.27808567229658,2144.6480087016434,0.00123051090238615,0.058091516775029,4.260177411139011,2.1300887055695057,4716.885432212321,0.6538,2.119453509140014,0.6538,0.0,0.0,0.0,982.4540301822126,213864729.0,203.9572992324829,110000.0,0.0,1.0,1.0,200000.0,0.0,0.0022303402400635,0.0023909136800307,203.9572992324829,1079.9922932656482,0,8.156552330694812,0.0,91.55672823218998,1137,1136.685,8.156552330694812,0.0,91.55672823218998,after_estimated_warmup_end_then_first_to_last_active_sample,first_to_last_active_sample,20.0,2026-06-07T12:41:39.370000,2026-06-07T12:43:18.448000,92.74,99.0,4.0,100,99.078,513.7414248021108,4950.0,0,117.53114864864865,1762.65,0,3.2464864864864866,23.19,0,4.704761904761905,57.0,0,2780.708994708995,8366.0,0,2026-06-07T12:41:01.228030182,59.83225806451613,99.0,38.064516129032256,155.0,154.11
C,15,run_15_C,46.645846468396485,93.29169293679297,2144.2638881649964,0.0011158511891146,0.0579940680172675,4.476679929532111,2.2383399647660553,4468.201677061548,0.6515,2.120946949005127,0.6515,0.0,0.0,0.0,963.76919923909,213864729.0,203.9572992324829,110000.0,0.0,1.0,1.0,200000.0,0.0,0.00221976234971795,0.00239847456340825,203.9572992324829,1061.5375721054152,0,8.296888888888889,0.0,91.46666666666667,1125,1124.684,8.296888888888889,0.0,91.46666666666667,after_estimated_warmup_end_then_first_to_last_active_sample,first_to_last_active_sample,20.0,2026-06-07T13:00:27.233000,2026-06-07T13:02:27.324000,77.12396694214875,99.0,20.66115702479339,121,120.091,534.9048888888889,4950.0,0,119.64154897494302,1532.03,0,3.343257403189066,22.94,0,4.798930481283422,100.0,0,2826.220320855615,8869.0,0,2026-06-07T12:59:46.409199239,57.975155279503106,99.0,40.37267080745342,161.0,160.113
C,16,run_16_C,46.71619073767215,93.4323814753443,2141.1836583087716,0.0013028417631764,0.05806063024995275,4.3999019507318735,2.1999509753659368,4551.033657184245,0.6636,2.091111502838135,0.6636,0.0,0.0,0.0,990.6385092954152,213864729.0,203.9572992324829,110000.0,0.0,1.0,1.0,200000.0,0.0,0.0022814925902944,0.0022622535618234,203.9572992324829,1088.4707927214913,0,8.105492589363557,0.0,91.6303400174368,1147,1146.693,8.105492589363557,0.0,91.6303400174368,after_estimated_warmup_end_then_first_to_last_active_sample,first_to_last_active_sample,20.0,2026-06-07T13:19:44.082000,2026-06-07T13:21:41.154000,78.77966101694915,99.0,18.64406779661017,118,117.072,511.9293809938971,4950.0,0,115.47075892857141,1786.1,0,3.276517857142857,26.03,0,4.699895068205667,57.0,0,2777.6558237145855,8403.0,0,2026-06-07T13:19:05.099509295,59.59615384615385,99.0,38.46153846153847,156.0,155.096
C,17,run_17_C,46.662953505525365,93.32590701105073,2143.4038096357217,0.00110089519034945,0.05807481918697145,4.4505793447606266,2.2252896723803133,4503.908600958876,0.6527,2.1203785404205324,0.6527,0.0,0.0,0.0,983.467467923183,213864729.0,203.9572992324829,110000.0,0.0,1.0,1.0,200000.0,0.0,0.0022629438580878,0.0022927895335692,203.9572992324829,1081.2439542789944,0,8.099912357581069,0.0,91.76161262050833,1141,1140.715,8.099912357581069,0.0,91.76161262050833,after_estimated_warmup_end_then_first_to_last_active_sample,first_to_last_active_sample,20.0,2026-06-07T13:38:52.560000,2026-06-07T13:40:31.659000,92.41,99.0,6.0,100,99.099,514.5749342681858,4950.0,0,116.2331011235955,1658.26,0,3.260359550561798,22.22,0,4.627637130801688,57.0,0,2795.4514767932487,8325.0,0,2026-06-07T13:38:11.420467923,58.49367088607595,99.0,40.50632911392405,158.0,157.137
C,18,run_18_C,46.82529458310455,93.6505891662091,2136.229279729976,0.0012645877470783499,0.0580770866174246,4.250077916774899,2.1250389583874494,4719.588701799937,0.6531,2.1138844867706297,0.6531,0.0,0.0,0.0,974.664793317672,213864729.0,203.9572992324829,110000.0,0.0,1.0,1.0,200000.0,0.0,0.00217595739293685,0.00222385958532645,203.9572992324829,1072.5654604006559,0,8.249116607773852,0.0,91.51943462897526,1132,1131.805,8.249116607773852,0.0,91.51943462897526,after_estimated_warmup_end_then_first_to_last_active_sample,first_to_last_active_sample,20.0,2026-06-07T13:57:51.452000,2026-06-07T13:59:30.607000,93.2,99.0,4.0,100,99.155,519.9355123674911,4950.0,0,119.95371882086167,1575.39,0,3.26530612244898,23.1,0,4.752127659574468,57.0,0,2801.313829787234,8663.0,0,2026-06-07T13:57:10.477793318,59.47770700636943,99.0,38.853503184713375,157.0,156.193
C,19,run_19_C,46.57191792340018,93.14383584680036,2147.646843199499,0.0010332176929263,0.0581501724702827,4.3963838536292315,2.1981919268146157,4562.405962038693,0.6513,2.1198013801574707,0.6513,0.0,0.0,0.0,998.8507632738912,213864729.0,203.9572992324829,110000.0,0.0,1.0,1.0,200000.0,0.0,0.0022319862994191,0.0022348409630593502,203.9572992324829,1096.3909829743207,0,7.938634399308556,0.0,91.87554019014694,1157,1156.726,7.938634399308556,0.0,91.87554019014694,after_estimated_warmup_end_then_first_to_last_active_sample,first_to_last_active_sample,20.0,2026-06-07T14:17:15.401000,2026-06-07T14:18:54.473000,91.84,99.0,6.0,100,99.072,508.78910976663786,4950.0,0,116.50137472283816,1723.34,0,3.2168514412416855,25.62,0,4.577523413111343,57.0,0,2760.369406867846,8335.0,0,2026-06-07T14:16:33.625763274,58.13291139240506,99.0,40.50632911392405,158.0,157.13
C,20,run_20_C,46.50089398515411,93.00178797030821,2150.8278054194047,0.00092383731713945,0.05810256361606455,4.420297110918909,2.2101485554594547,4536.739562866876,0.6558,2.099036865234375,0.6558,0.0,0.0,0.0,997.579087774735,213864729.0,203.9572992324829,110000.0,0.0,1.0,1.0,200000.0,0.0,0.0022535523553938,0.00226504239548415,203.9572992324829,1095.001172855962,0,7.9455488331892825,0.0,91.961970613656,1157,1156.731,7.9455488331892825,0.0,91.961970613656,after_estimated_warmup_end_then_first_to_last_active_sample,first_to_last_active_sample,20.0,2026-06-07T14:36:38.492000,2026-06-07T14:38:17.553000,91.91,99.0,7.000000000000001,100,99.061,509.60414866032846,4950.0,0,118.02456762749446,1683.15,0,3.0575166297117518,22.34,0,4.609147609147609,57.0,0,2733.087318087318,9285.0,0,2026-06-07T14:35:56.413087775,57.45625,99.0,41.875,160.0,159.123
C,21,run_21_C,46.78647582954727,93.57295165909454,2137.538253249072,0.0012015851248470002,0.05810629133411375,4.435208033770323,2.2176040168851614,4511.708204305313,0.6511,2.11124991607666,0.6511,0.0,0.0,0.0,991.8758664117196,213864729.0,203.9572992324829,110000.0,0.0,1.0,1.0,200000.0,0.0,0.0022411192159937,0.00220752079511365,203.9572992324829,1089.8840261045843,0,8.030434782608696,0.0,91.82608695652173,1150,1149.69,8.030434782608696,0.0,91.82608695652173,after_estimated_warmup_end_then_first_to_last_active_sample,first_to_last_active_sample,20.0,2026-06-07T14:59:30.580000,2026-06-07T15:01:09.646000,92.2,99.0,6.0,100,99.066,524.7608695652174,4950.0,0,119.32790178571427,1739.17,0,3.3070535714285714,22.77,0,4.774869109947644,56.0,0,2812.7350785340313,8554.0,0,2026-06-07T14:58:51.843866412,58.449367088607595,99.0,40.50632911392405,158.0,157.106
C,22,run_22_C,46.58447415358387,93.16894830716774,2146.991640764855,0.0010458958383453999,0.05809471138206345,4.490485684014857,2.2452428420074284,4455.48533580376,0.6546,2.1000096641540527,0.6546,0.0,0.0,0.0,1007.7112189796752,213864729.0,203.9572992324829,110000.0,0.0,1.0,1.0,200000.0,0.0,0.00224317425487995,0.0022494498481148,203.9572992324829,1105.370652970858,0,7.709487825356843,0.0,92.10747271200673,1191,1190.722,7.709487825356843,0.0,92.10747271200673,after_estimated_warmup_end_then_first_to_last_active_sample,first_to_last_active_sample,20.0,2026-06-07T15:19:06.470000,2026-06-07T15:20:45.563000,91.82,99.0,6.0,100,99.093,594.4584382871536,4950.0,0,113.35663793103448,1761.03,0,3.606767241379311,26.83,0,4.583417593528817,55.0,0,2878.1425682507584,8633.0,0,2026-06-07T15:18:24.579218980,50.17486338797814,74.0,48.63387978142077,183.0,182.147
C,23,run_23_C,46.676380429416895,93.35276085883379,2143.038816641768,0.00104491367979,0.05813812799787485,4.381849172990769,2.1909245864953846,4573.750317605341,0.6603,2.0922034740448,0.6603,0.0,0.0,0.0,990.3076735502108,213864729.0,203.9572992324829,110000.0,0.0,1.0,1.0,200000.0,0.0,0.0022053064833826,0.0022858270426292,203.9572992324829,1088.0422835820355,0,8.088618592528237,0.0,91.74630755864466,1151,1150.75,8.088618592528237,0.0,91.74630755864466,after_estimated_warmup_end_then_first_to_last_active_sample,first_to_last_active_sample,20.0,2026-06-07T15:38:46.732000,2026-06-07T15:40:47.833000,76.18852459016394,99.0,22.131147540983605,122,121.101,528.6203301476977,4950.0,0,116.33253897550111,1786.68,0,3.306570155902005,25.9,0,4.661442006269592,57.0,0,2788.748171368861,8534.0,0,2026-06-07T15:38:07.390673550,57.82608695652174,99.0,40.993788819875775,161.0,160.158
C,24,run_24_C,46.463441636646166,92.92688327329233,2152.6194899509055,0.0009659915823665001,0.05797761969853075,4.423473983071744,2.211736991535872,4532.382671899663,0.6586,2.0971485874176024,0.6586,0.0,0.0,0.0,972.9447212414816,213864729.0,203.9572992324829,110000.0,0.0,1.0,1.0,200000.0,0.0,0.0022867751186308,0.00228080284616705,203.9572992324829,1070.2950784978457,0,8.217429577464788,0.0,91.63732394366197,1136,1135.686,8.217429577464788,0.0,91.63732394366197,after_estimated_warmup_end_then_first_to_last_active_sample,first_to_last_active_sample,20.0,2026-06-07T15:57:47.029000,2026-06-07T15:59:34.106000,86.3425925925926,99.0,12.037037037037036,108,107.077,552.9480633802817,4950.0,0,115.66065315315313,1720.63,0,3.403445945945945,22.68,0,4.661016949152542,57.0,0,2840.040254237288,8518.0,0,2026-06-07T15:57:08.373721241,57.26993865030675,99.0,41.717791411042946,163.0,162.108
C,25,run_25_C,46.602582815568894,93.20516563113779,2146.1472017929814,0.0009619552321146,0.058135426803337095,4.266157374251634,2.133078687125817,4702.770383451269,0.6618,2.1101564292907717,0.6618,0.0,0.0,0.0,997.327609341126,213864729.0,203.9572992324829,110000.0,0.0,1.0,1.0,200000.0,0.0,0.0022225451144768,0.00230672800194325,203.9572992324829,1094.7989323465154,0,8.03012048192771,0.0,91.82444061962134,1162,1161.723,8.03012048192771,0.0,91.82444061962134,after_estimated_warmup_end_then_first_to_last_active_sample,first_to_last_active_sample,20.0,2026-06-07T16:17:13.870000,2026-06-07T16:19:19.986000,73.38582677165354,99.0,25.196850393700785,127,126.116,543.5697074010327,4950.0,0,115.50147902869757,1772.36,0,3.391788079470199,22.13,0,4.607253886010363,57.0,0,2847.2860103626945,8734.0,0,2026-06-07T16:16:35.590609341,56.551515151515154,99.0,42.42424242424242,165.0,164.144
C,26,run_26_C,46.62230671802536,93.24461343605071,2145.1669749170874,0.00109853255568435,0.0580974339734991,4.403427144978196,2.201713572489098,4547.161896884239,0.66,2.100810628890992,0.66,0.0,0.0,0.0,987.3546666619368,213864729.0,203.9572992324829,110000.0,0.0,1.0,1.0,200000.0,0.0,0.0022976814532209002,0.0022964892036552503,203.9572992324829,1085.0027072429657,0,8.044502617801047,0.0,91.62303664921467,1146,1145.711,8.044502617801047,0.0,91.62303664921467,after_estimated_warmup_end_then_first_to_last_active_sample,first_to_last_active_sample,20.0,2026-06-07T16:36:36.027000,2026-06-07T16:38:33.129000,78.12711864406779,99.0,18.64406779661017,118,117.102,509.7565445026178,4950.0,0,116.64829977628634,1773.1,0,3.0421700223713644,23.94,0,4.703781512605042,56.0,0,2725.121848739496,7911.0,0,2026-06-07T16:35:54.772666662,57.9811320754717,99.0,39.62264150943396,159.0,158.126
C,27,run_27_C,46.84440861851908,93.68881723703817,2135.0904755029924,0.0014785587078417,0.058077597666396,4.419643142726272,2.209821571363136,4529.597545054088,0.6622,2.10072575302124,0.6622,0.0,0.0,0.0,977.4296550452708,213864729.0,203.9572992324829,110000.0,0.0,1.0,1.0,200000.0,0.0,0.0022253533530518,0.0021845797177026498,203.9572992324829,1075.5381154250354,0,8.16622691292876,0.0,91.73262972735267,1137,1136.679,8.16622691292876,0.0,91.73262972735267,after_estimated_warmup_end_then_first_to_last_active_sample,first_to_last_active_sample,20.0,2026-06-07T16:55:40.275000,2026-06-07T16:57:19.342000,92.84,99.0,6.0,100,99.067,522.4415127528584,4950.0,0,120.6910158013544,1772.96,0,3.0899097065462753,24.08,0,4.746031746031746,56.0,0,2747.6285714285714,9273.0,0,2026-06-07T16:54:58.103655045,58.03125,99.0,41.25,160.0,159.102
C,28,run_28_C,46.716890862211585,93.43378172442317,2140.8290318702275,0.00113981151852105,0.0581157658784471,4.24609780870378,2.12304890435189,4712.712523843129,0.6578,2.10759294090271,0.6578,0.0,0.0,0.0,998.4234468792564,213864729.0,203.9572992324829,110000.0,0.0,1.0,1.0,200000.0,0.0,0.0023173162013368004,0.00232342293462415,203.9572992324829,1096.1033264123835,0,8.08613264427218,0.0,91.81739879414297,1161,1160.704,8.08613264427218,0.0,91.81739879414297,after_estimated_warmup_end_then_first_to_last_active_sample,first_to_last_active_sample,20.0,2026-06-07T17:15:06.262000,2026-06-07T17:16:45.342000,93.83,99.0,5.0,100,99.08,518.5167958656331,4950.0,0,118.26463576158942,1752.16,0,3.247682119205298,23.57,0,4.633160621761658,59.0,0,2806.5637305699483,8470.0,0,2026-06-07T17:14:23.073446879,57.59509202453988,99.0,41.717791411042946,163.0,162.118
C,29,run_29_C,46.963015204062685,93.92603040812537,2130.2967556113017,0.00125389708660995,0.05835425506835405,4.443021705374122,2.221510852687061,4511.53961814721,0.6649,2.0756454463958742,0.6649,0.0,0.0,0.0,1000.7167375548744,213864729.0,203.9572992324829,110000.0,0.0,1.0,1.0,200000.0,0.0,0.0022082823749078498,0.0022763647021182996,203.9572992324829,1099.0857896683738,0,7.867459643160577,0.0,92.01359388275276,1177,1176.7,7.867459643160577,0.0,92.01359388275276,after_estimated_warmup_end_then_first_to_last_active_sample,first_to_last_active_sample,20.0,2026-06-07T17:34:48.494000,2026-06-07T17:36:32.567000,88.13333333333334,99.0,10.476190476190476,105,104.073,557.68054375531,4950.0,0,114.15882352941175,1681.08,0,3.454226579520697,24.13,0,4.572159672466735,57.0,0,2848.9457523029682,8637.0,0,2026-06-07T17:34:02.598737555,52.61363636363637,99.0,46.590909090909086,176.0,175.127
C,30,run_30_C,47.01017857994884,94.02035715989769,2127.5782374950422,0.0015360503472372999,0.05816604010105755,4.324501487892121,2.1622507439460605,4640.599845248434,0.6511,2.105214347839356,0.6511,0.0,0.0,0.0,988.9803460128604,213864729.0,203.9572992324829,110000.0,0.0,1.0,1.0,200000.0,0.0,0.0022576419044704997,0.0023520449412208003,203.9572992324829,1087.3252046606503,0,8.01213171577123,0.0,91.85441941074524,1154,1153.685,8.01213171577123,0.0,91.85441941074524,after_estimated_warmup_end_then_first_to_last_active_sample,first_to_last_active_sample,20.0,2026-06-07T17:54:19.322000,2026-06-07T17:55:58.386000,92.42,99.0,6.0,100,99.064,525.8483535528596,4950.0,0,117.0806,1733.68,0,3.321311111111111,25.95,0,4.646506777893639,55.0,0,2817.274244004171,8854.0,0,2026-06-07T17:53:34.692346013,56.03636363636364,98.0,43.03030303030303,165.0,164.099
